floor,county,log_radon,log_uranium,county_id
1,AITKIN              ,0.7884573603642703,-0.6890475953544999,1
0,AITKIN              ,0.7884573603642703,-0.6890475953544999,1
0,AITKIN              ,1.0647107369924282,-0.6890475953544999,1
0,AITKIN              ,0.0,-0.6890475953544999,1
0,ANOKA               ,1.1314021114911006,-0.8473128604997048,2
0,ANOKA               ,0.9162907318741551,-0.8473128604997048,2
0,ANOKA               ,0.4054651081081644,-0.8473128604997048,2
0,ANOKA               ,0.0,-0.8473128604997048,2
0,ANOKA               ,-0.35667494393873245,-0.8473128604997048,2
0,ANOKA               ,0.1823215567939546,-0.8473128604997048,2
0,ANOKA               ,0.1823215567939546,-0.8473128604997048,2
0,ANOKA               ,0.26236426446749106,-0.8473128604997048,2
0,ANOKA               ,0.3364722366212129,-0.8473128604997048,2
0,ANOKA               ,-0.916290731874155,-0.8473128604997048,2
0,ANOKA               ,0.09531017980432493,-0.8473128604997048,2
0,ANOKA               ,1.5040773967762742,-0.8473128604997048,2
0,ANOKA               ,0.26236426446749106,-0.8473128604997048,2
0,ANOKA               ,0.7419373447293773,-0.8473128604997048,2
0,ANOKA               ,1.7749523509116738,-0.8473128604997048,2
0,ANOKA               ,1.1939224684724346,-0.8473128604997048,2
0,ANOKA               ,0.5877866649021191,-0.8473128604997048,2
0,ANOKA               ,1.6863989535702288,-0.8473128604997048,2
0,ANOKA               ,1.840549633397487,-0.8473128604997048,2
0,ANOKA               ,0.6418538861723947,-0.8473128604997048,2
0,ANOKA               ,1.8870696490323797,-0.8473128604997048,2
0,ANOKA               ,1.1314021114911006,-0.8473128604997048,2
0,ANOKA               ,1.916922612182061,-0.8473128604997048,2
0,ANOKA               ,1.9459101490553132,-0.8473128604997048,2
0,ANOKA               ,2.0412203288596382,-0.8473128604997048,2
0,ANOKA               ,1.6486586255873816,-0.8473128604997048,2
0,ANOKA               ,1.5040773967762742,-0.8473128604997048,2
0,ANOKA               ,1.4816045409242156,-0.8473128604997048,2
0,ANOKA               ,1.0296194171811581,-0.8473128604997048,2
0,ANOKA               ,2.0918640616783932,-0.8473128604997048,2
0,ANOKA               ,0.47000362924573563,-0.8473128604997048,2
0,ANOKA               ,1.4350845252893227,-0.8473128604997048,2
0,ANOKA               ,1.6863989535702288,-0.8473128604997048,2
0,ANOKA               ,1.3862943611198906,-0.8473128604997048,2
0,ANOKA               ,0.8329091229351039,-0.8473128604997048,2
0,ANOKA               ,1.0647107369924282,-0.8473128604997048,2
0,ANOKA               ,0.3364722366212129,-0.8473128604997048,2
0,ANOKA               ,1.1939224684724346,-0.8473128604997048,2
0,ANOKA               ,1.0647107369924282,-0.8473128604997048,2
1,ANOKA               ,0.5877866649021191,-0.8473128604997048,2
1,ANOKA               ,-1.6094379124341003,-0.8473128604997048,2
0,ANOKA               ,0.8754687373538999,-0.8473128604997048,2
1,ANOKA               ,0.09531017980432493,-0.8473128604997048,2
0,ANOKA               ,0.7884573603642703,-0.8473128604997048,2
0,ANOKA               ,-0.5108256237659907,-0.8473128604997048,2
0,ANOKA               ,0.5306282510621704,-0.8473128604997048,2
0,ANOKA               ,1.0647107369924282,-0.8473128604997048,2
0,ANOKA               ,0.7884573603642703,-0.8473128604997048,2
0,ANOKA               ,0.5306282510621704,-0.8473128604997048,2
0,ANOKA               ,0.3364722366212129,-0.8473128604997048,2
0,ANOKA               ,0.6418538861723947,-0.8473128604997048,2
0,ANOKA               ,0.5877866649021191,-0.8473128604997048,2
1,BECKER              ,0.1823215567939546,-0.11345877376814012,3
0,BECKER              ,1.4586150226995167,-0.11345877376814012,3
1,BECKER              ,1.5040773967762742,-0.11345877376814012,3
0,BELTRAMI            ,1.840549633397487,-0.5933525256074713,4
0,BELTRAMI            ,1.5260563034950492,-0.5933525256074713,4
0,BELTRAMI            ,1.7404661748405046,-0.5933525256074713,4
1,BELTRAMI            ,0.7884573603642703,-0.5933525256074713,4
1,BELTRAMI            ,-0.916290731874155,-0.5933525256074713,4
1,BELTRAMI            ,1.5260563034950492,-0.5933525256074713,4
1,BELTRAMI            ,1.4816045409242156,-0.5933525256074713,4
0,BENTON              ,1.8870696490323797,-0.14289048115302844,5
0,BENTON              ,0.9932517730102834,-0.14289048115302844,5
1,BENTON              ,1.0647107369924282,-0.14289048115302844,5
0,BENTON              ,1.0647107369924282,-0.14289048115302844,5
0,BIG STONE           ,1.9740810260220096,0.38705670842480927,6
0,BIG STONE           ,1.6094379124341003,0.38705670842480927,6
0,BIG STONE           ,0.9555114450274363,0.38705670842480927,6
0,BLUE EARTH          ,1.6094379124341003,0.2716136642727164,7
0,BLUE EARTH          ,2.5649493574615367,0.2716136642727164,7
0,BLUE EARTH          ,1.9740810260220096,0.2716136642727164,7
0,BLUE EARTH          ,1.916922612182061,0.2716136642727164,7
0,BLUE EARTH          ,2.5494451709255714,0.2716136642727164,7
1,BLUE EARTH          ,1.7578579175523736,0.2716136642727164,7
0,BLUE EARTH          ,2.2512917986064953,0.2716136642727164,7
0,BLUE EARTH          ,1.791759469228055,0.2716136642727164,7
0,BLUE EARTH          ,1.33500106673234,0.2716136642727164,7
1,BLUE EARTH          ,2.6602595372658615,0.2716136642727164,7
0,BLUE EARTH          ,0.5877866649021191,0.2716136642727164,7
0,BLUE EARTH          ,1.9315214116032138,0.2716136642727164,7
0,BLUE EARTH          ,1.547562508716013,0.2716136642727164,7
0,BLUE EARTH          ,2.2512917986064953,0.2716136642727164,7
1,BROWN               ,0.9162907318741551,0.277578704889093,8
0,BROWN               ,1.9021075263969205,0.277578704889093,8
1,BROWN               ,1.3862943611198906,0.277578704889093,8
0,BROWN               ,2.312535423847214,0.277578704889093,8
0,CARLTON             ,0.7884573603642703,-0.3323154878841331,9
0,CARLTON             ,0.5877866649021191,-0.3323154878841331,9
0,CARLTON             ,1.2237754316221157,-0.3323154878841331,9
1,CARLTON             ,1.7227665977411035,-0.3323154878841331,9
0,CARLTON             ,1.4586150226995167,-0.3323154878841331,9
0,CARLTON             ,1.3609765531356006,-0.3323154878841331,9
0,CARLTON             ,0.26236426446749106,-0.3323154878841331,9
0,CARLTON             ,1.4350845252893227,-0.3323154878841331,9
0,CARLTON             ,-0.2231435513142097,-0.3323154878841331,9
0,CARLTON             ,0.6931471805599453,-0.3323154878841331,9
0,CARVER              ,0.47000362924573563,0.09586457155536092,10
0,CARVER              ,2.5572273113676265,0.09586457155536092,10
1,CARVER              ,2.6878474937846906,0.09586457155536092,10
1,CARVER              ,1.547562508716013,0.09586457155536092,10
0,CARVER              ,2.2617630984737906,0.09586457155536092,10
1,CARVER              ,-2.3025850929940455,0.09586457155536092,10
0,CASS                ,1.308332819650179,-0.6082198069309426,11
0,CASS                ,2.0014800002101243,-0.6082198069309426,11
0,CASS                ,0.6418538861723947,-0.6082198069309426,11
0,CASS                ,1.667706820558076,-0.6082198069309426,11
0,CASS                ,1.3862943611198906,-0.6082198069309426,11
0,CHIPPEWA            ,2.0412203288596382,0.27368456280792725,12
0,CHIPPEWA            ,0.3364722366212129,0.27368456280792725,12
0,CHIPPEWA            ,2.302585092994046,0.27368456280792725,12
0,CHIPPEWA            ,2.2407096892759584,0.27368456280792725,12
0,CHISAGO             ,-0.2231435513142097,-0.7353200871511567,13
0,CHISAGO             ,1.4816045409242156,-0.7353200871511567,13
0,CHISAGO             ,1.6094379124341003,-0.7353200871511567,13
0,CHISAGO             ,0.7419373447293773,-0.7353200871511567,13
0,CHISAGO             ,0.5306282510621704,-0.7353200871511567,13
0,CHISAGO             ,2.0918640616783932,-0.7353200871511567,13
1,CLAY                ,-0.10536051565782628,0.34378117542003134,14
0,CLAY                ,2.5572273113676265,0.34378117542003134,14
0,CLAY                ,0.9555114450274363,0.34378117542003134,14
1,CLAY                ,1.252762968495368,0.34378117542003134,14
0,CLAY                ,3.2809112157876537,0.34378117542003134,14
0,CLAY                ,0.4054651081081644,0.34378117542003134,14
0,CLAY                ,2.5649493574615367,0.34378117542003134,14
0,CLAY                ,2.174751721484161,0.34378117542003134,14
0,CLAY                ,2.970414465569701,0.34378117542003134,14
1,CLAY                ,0.9162907318741551,0.34378117542003134,14
0,CLAY                ,2.1972245773362196,0.34378117542003134,14
0,CLAY                ,2.5726122302071057,0.34378117542003134,14
0,CLAY                ,1.2809338454620642,0.34378117542003134,14
1,CLAY                ,1.9315214116032138,0.34378117542003134,14
1,CLEARWATER          ,1.5686159179138452,-0.05986041389770528,15
0,CLEARWATER          ,1.2237754316221157,-0.05986041389770528,15
1,CLEARWATER          ,-0.10536051565782628,-0.05986041389770528,15
0,CLEARWATER          ,1.2237754316221157,-0.05986041389770528,15
0,COOK                ,0.9932517730102834,-0.5049959825257828,16
0,COOK                ,0.3364722366212129,-0.5049959825257828,16
0,COTTONWOOD          ,1.916922612182061,0.33956032072044606,17
1,COTTONWOOD          ,2.4069451083182885,0.33956032072044606,17
1,COTTONWOOD          ,-2.3025850929940455,0.33956032072044606,17
1,COTTONWOOD          ,0.9162907318741551,0.33956032072044606,17
0,CROW WING           ,0.5877866649021191,-0.6333907001751405,18
0,CROW WING           ,0.47000362924573563,-0.6333907001751405,18
1,CROW WING           ,0.0,-0.6333907001751405,18
0,CROW WING           ,-0.10536051565782628,-0.6333907001751405,18
0,CROW WING           ,1.0647107369924282,-0.6333907001751405,18
0,CROW WING           ,1.4816045409242156,-0.6333907001751405,18
0,CROW WING           ,0.4054651081081644,-0.6333907001751405,18
0,CROW WING           ,1.410986973710262,-0.6333907001751405,18
1,CROW WING           ,0.9162907318741551,-0.6333907001751405,18
1,CROW WING           ,1.9021075263969205,-0.6333907001751405,18
0,CROW WING           ,1.4586150226995167,-0.6333907001751405,18
0,CROW WING           ,1.7047480922384253,-0.6333907001751405,18
0,DAKOTA              ,1.2809338454620642,-0.024145162468538463,19
0,DAKOTA              ,1.0296194171811581,-0.024145162468538463,19
0,DAKOTA              ,2.681021528714291,-0.024145162468538463,19
0,DAKOTA              ,1.9021075263969205,-0.024145162468538463,19
0,DAKOTA              ,2.0794415416798357,-0.024145162468538463,19
0,DAKOTA              ,0.9555114450274363,-0.024145162468538463,19
1,DAKOTA              ,1.0296194171811581,-0.024145162468538463,19
0,DAKOTA              ,1.4816045409242156,-0.024145162468538463,19
1,DAKOTA              ,0.5306282510621704,-0.024145162468538463,19
0,DAKOTA              ,0.6931471805599453,-0.024145162468538463,19
0,DAKOTA              ,0.6931471805599453,-0.024145162468538463,19
0,DAKOTA              ,0.4054651081081644,-0.024145162468538463,19
0,DAKOTA              ,2.2617630984737906,-0.024145162468538463,19
0,DAKOTA              ,2.0918640616783932,-0.024145162468538463,19
0,DAKOTA              ,1.252762968495368,-0.024145162468538463,19
1,DAKOTA              ,-0.2231435513142097,-0.024145162468538463,19
0,DAKOTA              ,1.62924053973028,-0.024145162468538463,19
0,DAKOTA              ,1.1631508098056809,-0.024145162468538463,19
0,DAKOTA              ,2.379546134130174,-0.024145162468538463,19
0,DAKOTA              ,2.1041341542702074,-0.024145162468538463,19
0,DAKOTA              ,1.840549633397487,-0.024145162468538463,19
0,DAKOTA              ,1.5686159179138452,-0.024145162468538463,19
0,DAKOTA              ,1.791759469228055,-0.024145162468538463,19
0,DAKOTA              ,0.09531017980432493,-0.024145162468538463,19
0,DAKOTA              ,2.163323025660538,-0.024145162468538463,19
0,DAKOTA              ,2.174751721484161,-0.024145162468538463,19
0,DAKOTA              ,1.916922612182061,-0.024145162468538463,19
0,DAKOTA              ,0.8329091229351039,-0.024145162468538463,19
0,DAKOTA              ,0.47000362924573563,-0.024145162468538463,19
0,DAKOTA              ,1.0296194171811581,-0.024145162468538463,19
0,DAKOTA              ,1.8718021769015913,-0.024145162468538463,19
0,DAKOTA              ,0.5306282510621704,-0.024145162468538463,19
0,DAKOTA              ,1.5260563034950492,-0.024145162468538463,19
0,DAKOTA              ,1.1939224684724346,-0.024145162468538463,19
0,DAKOTA              ,1.4816045409242156,-0.024145162468538463,19
0,DAKOTA              ,3.054001181677967,-0.024145162468538463,19
0,DAKOTA              ,2.2082744135228043,-0.024145162468538463,19
0,DAKOTA              ,-0.10536051565782628,-0.024145162468538463,19
0,DAKOTA              ,1.589235205116581,-0.024145162468538463,19
0,DAKOTA              ,1.6094379124341003,-0.024145162468538463,19
0,DAKOTA              ,0.09531017980432493,-0.024145162468538463,19
0,DAKOTA              ,2.028148247292285,-0.024145162468538463,19
0,DAKOTA              ,1.6863989535702288,-0.024145162468538463,19
0,DAKOTA              ,1.2809338454620642,-0.024145162468538463,19
0,DAKOTA              ,1.589235205116581,-0.024145162468538463,19
0,DAKOTA              ,1.547562508716013,-0.024145162468538463,19
0,DAKOTA              ,0.3364722366212129,-0.024145162468538463,19
0,DAKOTA              ,1.2237754316221157,-0.024145162468538463,19
0,DAKOTA              ,1.4350845252893227,-0.024145162468538463,19
0,DAKOTA              ,0.9162907318741551,-0.024145162468538463,19
0,DAKOTA              ,0.3364722366212129,-0.024145162468538463,19
0,DAKOTA              ,0.3364722366212129,-0.024145162468538463,19
0,DAKOTA              ,0.6418538861723947,-0.024145162468538463,19
0,DAKOTA              ,1.5686159179138452,-0.024145162468538463,19
1,DAKOTA              ,0.3364722366212129,-0.024145162468538463,19
0,DAKOTA              ,1.33500106673234,-0.024145162468538463,19
0,DAKOTA              ,2.174751721484161,-0.024145162468538463,19
0,DAKOTA              ,1.4586150226995167,-0.024145162468538463,19
0,DAKOTA              ,1.4816045409242156,-0.024145162468538463,19
0,DAKOTA              ,1.5040773967762742,-0.024145162468538463,19
0,DAKOTA              ,0.7884573603642703,-0.024145162468538463,19
0,DAKOTA              ,-0.6931471805599453,-0.024145162468538463,19
0,DAKOTA              ,1.7578579175523736,-0.024145162468538463,19
0,DODGE               ,1.6863989535702288,0.26385545977521707,20
0,DODGE               ,1.9740810260220096,0.26385545977521707,20
0,DODGE               ,1.7404661748405046,0.26385545977521707,20
0,DOUGLAS             ,2.0014800002101243,0.15571231697983925,21
0,DOUGLAS             ,1.5686159179138452,0.15571231697983925,21
0,DOUGLAS             ,1.916922612182061,0.15571231697983925,21
0,DOUGLAS             ,1.8562979903656263,0.15571231697983925,21
1,DOUGLAS             ,1.308332819650179,0.15571231697983925,21
0,DOUGLAS             ,1.7047480922384253,0.15571231697983925,21
0,DOUGLAS             ,2.0541237336955462,0.15571231697983925,21
0,DOUGLAS             ,1.4816045409242156,0.15571231697983925,21
0,DOUGLAS             ,0.9932517730102834,0.15571231697983925,21
0,FARIBAULT           ,1.2237754316221157,0.2950250467070394,22
0,FARIBAULT           ,1.4350845252893227,0.2950250467070394,22
0,FARIBAULT           ,0.8329091229351039,0.2950250467070394,22
1,FARIBAULT           ,0.26236426446749106,0.2950250467070394,22
0,FARIBAULT           ,1.6486586255873816,0.2950250467070394,22
0,FARIBAULT           ,-2.3025850929940455,0.2950250467070394,22
1,FILLMORE            ,0.9162907318741551,0.41491366292777554,23
0,FILLMORE            ,1.1631508098056809,0.41491366292777554,23
0,FREEBORN            ,1.1631508098056809,0.22420698566740638,24
0,FREEBORN            ,2.2617630984737906,0.22420698566740638,24
0,FREEBORN            ,1.4350845252893227,0.22420698566740638,24
0,FREEBORN            ,2.1972245773362196,0.22420698566740638,24
0,FREEBORN            ,1.840549633397487,0.22420698566740638,24
0,FREEBORN            ,3.484312288372662,0.22420698566740638,24
0,FREEBORN            ,2.580216829592325,0.22420698566740638,24
1,FREEBORN            ,0.7884573603642703,0.22420698566740638,24
1,FREEBORN            ,1.7227665977411035,0.22420698566740638,24
0,GOODHUE             ,2.6602595372658615,0.19661064642423215,25
1,GOODHUE             ,1.9315214116032138,0.19661064642423215,25
0,GOODHUE             ,2.028148247292285,0.19661064642423215,25
1,GOODHUE             ,2.2823823856765264,0.19661064642423215,25
0,GOODHUE             ,0.9555114450274363,0.19661064642423215,25
0,GOODHUE             ,3.7727609380946383,0.19661064642423215,25
0,GOODHUE             ,1.589235205116581,0.19661064642423215,25
0,GOODHUE             ,1.589235205116581,0.19661064642423215,25
0,GOODHUE             ,1.252762968495368,0.19661064642423215,25
0,GOODHUE             ,1.5686159179138452,0.19661064642423215,25
0,GOODHUE             ,1.7227665977411035,0.19661064642423215,25
0,GOODHUE             ,1.252762968495368,0.19661064642423215,25
0,GOODHUE             ,1.3609765531356006,0.19661064642423215,25
0,GOODHUE             ,1.9021075263969205,0.19661064642423215,25
0,HENNEPIN            ,2.066862759472976,-0.09652081232424005,26
0,HENNEPIN            ,1.1939224684724346,-0.09652081232424005,26
1,HENNEPIN            ,0.7419373447293773,-0.09652081232424005,26
0,HENNEPIN            ,0.47000362924573563,-0.09652081232424005,26
0,HENNEPIN            ,1.3862943611198906,-0.09652081232424005,26
0,HENNEPIN            ,0.5877866649021191,-0.09652081232424005,26
0,HENNEPIN            ,0.9162907318741551,-0.09652081232424005,26
0,HENNEPIN            ,2.4159137783010487,-0.09652081232424005,26
0,HENNEPIN            ,0.9555114450274363,-0.09652081232424005,26
0,HENNEPIN            ,1.3609765531356006,-0.09652081232424005,26
0,HENNEPIN            ,2.0014800002101243,-0.09652081232424005,26
0,HENNEPIN            ,0.26236426446749106,-0.09652081232424005,26
0,HENNEPIN            ,-0.10536051565782628,-0.09652081232424005,26
0,HENNEPIN            ,-0.916290731874155,-0.09652081232424005,26
1,HENNEPIN            ,0.9162907318741551,-0.09652081232424005,26
0,HENNEPIN            ,1.791759469228055,-0.09652081232424005,26
0,HENNEPIN            ,0.6931471805599453,-0.09652081232424005,26
0,HENNEPIN            ,1.6863989535702288,-0.09652081232424005,26
0,HENNEPIN            ,1.0986122886681098,-0.09652081232424005,26
0,HENNEPIN            ,1.0647107369924282,-0.09652081232424005,26
0,HENNEPIN            ,1.7047480922384253,-0.09652081232424005,26
0,HENNEPIN            ,1.410986973710262,-0.09652081232424005,26
0,HENNEPIN            ,1.3609765531356006,-0.09652081232424005,26
0,HENNEPIN            ,2.7013612129514133,-0.09652081232424005,26
0,HENNEPIN            ,1.9740810260220096,-0.09652081232424005,26
0,HENNEPIN            ,0.8329091229351039,-0.09652081232424005,26
1,HENNEPIN            ,1.0296194171811581,-0.09652081232424005,26
0,HENNEPIN            ,1.4816045409242156,-0.09652081232424005,26
0,HENNEPIN            ,0.4054651081081644,-0.09652081232424005,26
0,HENNEPIN            ,2.151762203259462,-0.09652081232424005,26
0,HENNEPIN            ,1.7227665977411035,-0.09652081232424005,26
0,HENNEPIN            ,2.151762203259462,-0.09652081232424005,26
0,HENNEPIN            ,1.33500106673234,-0.09652081232424005,26
0,HENNEPIN            ,0.5877866649021191,-0.09652081232424005,26
0,HENNEPIN            ,0.6418538861723947,-0.09652081232424005,26
0,HENNEPIN            ,1.7047480922384253,-0.09652081232424005,26
0,HENNEPIN            ,0.9162907318741551,-0.09652081232424005,26
1,HENNEPIN            ,-0.2231435513142097,-0.09652081232424005,26
0,HENNEPIN            ,0.7419373447293773,-0.09652081232424005,26
0,HENNEPIN            ,1.0296194171811581,-0.09652081232424005,26
0,HENNEPIN            ,1.3609765531356006,-0.09652081232424005,26
0,HENNEPIN            ,1.4586150226995167,-0.09652081232424005,26
0,HENNEPIN            ,1.547562508716013,-0.09652081232424005,26
0,HENNEPIN            ,1.0296194171811581,-0.09652081232424005,26
0,HENNEPIN            ,1.410986973710262,-0.09652081232424005,26
0,HENNEPIN            ,0.47000362924573563,-0.09652081232424005,26
0,HENNEPIN            ,1.4586150226995167,-0.09652081232424005,26
1,HENNEPIN            ,-0.35667494393873245,-0.09652081232424005,26
0,HENNEPIN            ,1.7047480922384253,-0.09652081232424005,26
1,HENNEPIN            ,1.1939224684724346,-0.09652081232424005,26
0,HENNEPIN            ,1.7047480922384253,-0.09652081232424005,26
0,HENNEPIN            ,0.9162907318741551,-0.09652081232424005,26
0,HENNEPIN            ,0.9932517730102834,-0.09652081232424005,26
0,HENNEPIN            ,2.128231705849268,-0.09652081232424005,26
0,HENNEPIN            ,1.1939224684724346,-0.09652081232424005,26
0,HENNEPIN            ,1.1631508098056809,-0.09652081232424005,26
0,HENNEPIN            ,2.151762203259462,-0.09652081232424005,26
0,HENNEPIN            ,0.5306282510621704,-0.09652081232424005,26
0,HENNEPIN            ,1.7404661748405046,-0.09652081232424005,26
0,HENNEPIN            ,2.5649493574615367,-0.09652081232424005,26
0,HENNEPIN            ,0.9932517730102834,-0.09652081232424005,26
0,HENNEPIN            ,1.547562508716013,-0.09652081232424005,26
0,HENNEPIN            ,1.7227665977411035,-0.09652081232424005,26
0,HENNEPIN            ,2.624668592163159,-0.09652081232424005,26
1,HENNEPIN            ,2.028148247292285,-0.09652081232424005,26
0,HENNEPIN            ,1.7404661748405046,-0.09652081232424005,26
0,HENNEPIN            ,1.5260563034950492,-0.09652081232424005,26
0,HENNEPIN            ,2.028148247292285,-0.09652081232424005,26
0,HENNEPIN            ,0.9555114450274363,-0.09652081232424005,26
0,HENNEPIN            ,1.5040773967762742,-0.09652081232424005,26
0,HENNEPIN            ,1.7749523509116738,-0.09652081232424005,26
0,HENNEPIN            ,0.7884573603642703,-0.09652081232424005,26
0,HENNEPIN            ,0.8754687373538999,-0.09652081232424005,26
0,HENNEPIN            ,1.3862943611198906,-0.09652081232424005,26
0,HENNEPIN            ,1.5260563034950492,-0.09652081232424005,26
0,HENNEPIN            ,1.5260563034950492,-0.09652081232424005,26
0,HENNEPIN            ,2.388762789235098,-0.09652081232424005,26
0,HENNEPIN            ,2.028148247292285,-0.09652081232424005,26
0,HENNEPIN            ,1.0986122886681098,-0.09652081232424005,26
0,HENNEPIN            ,0.4054651081081644,-0.09652081232424005,26
1,HENNEPIN            ,0.47000362924573563,-0.09652081232424005,26
0,HENNEPIN            ,2.803360380906535,-0.09652081232424005,26
0,HENNEPIN            ,1.1314021114911006,-0.09652081232424005,26
0,HENNEPIN            ,1.62924053973028,-0.09652081232424005,26
0,HENNEPIN            ,1.589235205116581,-0.09652081232424005,26
0,HENNEPIN            ,1.791759469228055,-0.09652081232424005,26
1,HENNEPIN            ,-0.10536051565782628,-0.09652081232424005,26
0,HENNEPIN            ,0.5877866649021191,-0.09652081232424005,26
0,HENNEPIN            ,1.3609765531356006,-0.09652081232424005,26
0,HENNEPIN            ,1.7227665977411035,-0.09652081232424005,26
1,HENNEPIN            ,-0.916290731874155,-0.09652081232424005,26
0,HENNEPIN            ,0.9555114450274363,-0.09652081232424005,26
0,HENNEPIN            ,1.2809338454620642,-0.09652081232424005,26
0,HENNEPIN            ,1.824549292051046,-0.09652081232424005,26
0,HENNEPIN            ,3.1612467120315646,-0.09652081232424005,26
0,HENNEPIN            ,1.3609765531356006,-0.09652081232424005,26
0,HENNEPIN            ,1.0647107369924282,-0.09652081232424005,26
0,HENNEPIN            ,1.0986122886681098,-0.09652081232424005,26
0,HENNEPIN            ,1.547562508716013,-0.09652081232424005,26
0,HENNEPIN            ,1.0986122886681098,-0.09652081232424005,26
0,HENNEPIN            ,1.4350845252893227,-0.09652081232424005,26
0,HENNEPIN            ,1.33500106673234,-0.09652081232424005,26
0,HENNEPIN            ,1.0986122886681098,-0.09652081232424005,26
0,HENNEPIN            ,1.4586150226995167,-0.09652081232424005,26
1,HENNEPIN            ,1.0647107369924282,-0.09652081232424005,26
0,HOUSTON             ,1.2237754316221157,0.5035290685333527,27
0,HOUSTON             ,2.1400661634962708,0.5035290685333527,27
0,HOUSTON             ,2.1972245773362196,0.5035290685333527,27
1,HOUSTON             ,1.5686159179138452,0.5035290685333527,27
0,HOUSTON             ,1.2809338454620642,0.5035290685333527,27
1,HOUSTON             ,0.7884573603642703,0.5035290685333527,27
1,HUBBARD             ,1.0296194171811581,-0.4005969767113039,28
1,HUBBARD             ,-0.2231435513142097,-0.4005969767113039,28
0,HUBBARD             ,0.4054651081081644,-0.4005969767113039,28
0,HUBBARD             ,1.5260563034950492,-0.4005969767113039,28
1,HUBBARD             ,1.308332819650179,-0.4005969767113039,28
0,ISANTI              ,1.2809338454620642,-0.7518722327017873,29
0,ISANTI              ,1.0986122886681098,-0.7518722327017873,29
0,ISANTI              ,0.7884573603642703,-0.7518722327017873,29
0,ITASCA              ,0.6418538861723947,-0.6633476306014291,30
0,ITASCA              ,0.9555114450274363,-0.6633476306014291,30
0,ITASCA              ,0.5877866649021191,-0.6633476306014291,30
0,ITASCA              ,0.8754687373538999,-0.6633476306014291,30
0,ITASCA              ,1.4586150226995167,-0.6633476306014291,30
0,ITASCA              ,0.9555114450274363,-0.6633476306014291,30
0,ITASCA              ,0.09531017980432493,-0.6633476306014291,30
0,ITASCA              ,1.1939224684724346,-0.6633476306014291,30
0,ITASCA              ,0.9162907318741551,-0.6633476306014291,30
0,ITASCA              ,2.2407096892759584,-0.6633476306014291,30
0,ITASCA              ,0.26236426446749106,-0.6633476306014291,30
0,JACKSON             ,2.128231705849268,0.30902028483933436,31
0,JACKSON             ,1.6094379124341003,0.30902028483933436,31
0,JACKSON             ,1.0647107369924282,0.30902028483933436,31
0,JACKSON             ,2.5726122302071057,0.30902028483933436,31
0,JACKSON             ,2.72785282839839,0.30902028483933436,31
0,KANABEC             ,0.5877866649021191,-0.053386008903670616,32
0,KANABEC             ,1.33500106673234,-0.053386008903670616,32
0,KANABEC             ,2.066862759472976,-0.053386008903670616,32
0,KANABEC             ,0.9555114450274363,-0.053386008903670616,32
0,KANDIYOHI           ,2.424802725718295,0.1097329426515801,33
0,KANDIYOHI           ,1.410986973710262,0.1097329426515801,33
0,KANDIYOHI           ,2.509599262378372,0.1097329426515801,33
0,KANDIYOHI           ,1.9021075263969205,0.1097329426515801,33
0,KITTSON             ,1.9315214116032138,-0.007803367229841645,34
1,KITTSON             ,1.5040773967762742,-0.007803367229841645,34
1,KITTSON             ,-0.10536051565782628,-0.007803367229841645,34
0,KOOCHICHING         ,0.5306282510621704,-0.8818289205065825,35
0,KOOCHICHING         ,0.3364722366212129,-0.8818289205065825,35
1,KOOCHICHING         ,0.6931471805599453,-0.8818289205065825,35
1,KOOCHICHING         ,0.0,-0.8818289205065825,35
0,KOOCHICHING         ,0.0,-0.8818289205065825,35
1,KOOCHICHING         ,1.0296194171811581,-0.8818289205065825,35
1,KOOCHICHING         ,0.26236426446749106,-0.8818289205065825,35
1,LAC QUI PARLE       ,2.424802725718295,0.31102987875636656,36
0,LAC QUI PARLE       ,2.772588722239781,0.31102987875636656,36
1,LAKE                ,0.26236426446749106,-0.6915963836672911,37
0,LAKE                ,0.26236426446749106,-0.6915963836672911,37
0,LAKE                ,0.47000362924573563,-0.6915963836672911,37
0,LAKE                ,-0.10536051565782628,-0.6915963836672911,37
0,LAKE                ,1.0296194171811581,-0.6915963836672911,37
0,LAKE                ,-0.6931471805599453,-0.6915963836672911,37
0,LAKE                ,0.4054651081081644,-0.6915963836672911,37
0,LAKE                ,1.9600947840472698,-0.6915963836672911,37
0,LAKE                ,-0.6931471805599453,-0.6915963836672911,37
0,LAKE OF THE WOODS   ,2.312535423847214,-0.6817088484191157,38
1,LAKE OF THE WOODS   ,1.4586150226995167,-0.6817088484191157,38
0,LAKE OF THE WOODS   ,1.1939224684724346,-0.6817088484191157,38
1,LAKE OF THE WOODS   ,1.0647107369924282,-0.6817088484191157,38
0,LE SUEUR            ,2.5257286443082556,0.19444773659179515,39
1,LE SUEUR            ,1.4350845252893227,0.19444773659179515,39
0,LE SUEUR            ,1.5040773967762742,0.19444773659179515,39
0,LE SUEUR            ,1.3609765531356006,0.19444773659179515,39
0,LE SUEUR            ,1.1939224684724346,0.19444773659179515,39
0,LINCOLN             ,2.8622008809294686,0.444903746232023,40
0,LINCOLN             ,2.3608540011180215,0.444903746232023,40
0,LINCOLN             ,2.066862759472976,0.444903746232023,40
1,LINCOLN             ,1.252762968495368,0.444903746232023,40
0,LYON                ,1.8718021769015913,0.39473440617801014,41
1,LYON                ,1.9315214116032138,0.39473440617801014,41
0,LYON                ,1.62924053973028,0.39473440617801014,41
0,LYON                ,2.4849066497880004,0.39473440617801014,41
0,LYON                ,1.62924053973028,0.39473440617801014,41
0,LYON                ,2.186051276738094,0.39473440617801014,41
0,LYON                ,1.7578579175523736,0.39473440617801014,41
0,LYON                ,1.5260563034950492,0.39473440617801014,41
0,MAHNOMEN            ,1.3609765531356006,0.14960034272844025,42
1,MARSHALL            ,0.4054651081081644,0.013764828575713341,43
0,MARSHALL            ,3.169685580677429,0.013764828575713341,43
1,MARSHALL            ,-0.10536051565782628,0.013764828575713341,43
1,MARSHALL            ,0.3364722366212129,0.013764828575713341,43
1,MARSHALL            ,0.09531017980432493,0.013764828575713341,43
0,MARSHALL            ,1.0296194171811581,0.013764828575713341,43
0,MARSHALL            ,3.8753590210565547,0.013764828575713341,43
1,MARSHALL            ,-0.10536051565782628,0.013764828575713341,43
0,MARSHALL            ,2.1162555148025524,0.013764828575713341,43
0,MARTIN              ,1.410986973710262,0.16586183575526953,44
1,MARTIN              ,-0.6931471805599453,0.16586183575526953,44
0,MARTIN              ,1.9021075263969205,0.16586183575526953,44
0,MARTIN              ,2.0149030205422647,0.16586183575526953,44
0,MARTIN              ,2.2192034840549946,0.16586183575526953,44
0,MARTIN              ,-0.6931471805599453,0.16586183575526953,44
0,MARTIN              ,0.4054651081081644,0.16586183575526953,44
0,MCLEOD              ,2.33214389523559,0.1404225936622486,45
0,MCLEOD              ,1.3609765531356006,0.1404225936622486,45
0,MCLEOD              ,0.5877866649021191,0.1404225936622486,45
0,MCLEOD              ,2.2925347571405443,0.1404225936622486,45
0,MCLEOD              ,0.8329091229351039,0.1404225936622486,45
0,MCLEOD              ,1.4816045409242156,0.1404225936622486,45
0,MCLEOD              ,1.0296194171811581,0.1404225936622486,45
1,MCLEOD              ,0.09531017980432493,0.1404225936622486,45
0,MCLEOD              ,0.1823215567939546,0.1404225936622486,45
1,MCLEOD              ,0.47000362924573563,0.1404225936622486,45
1,MCLEOD              ,3.2347491740244907,0.1404225936622486,45
1,MCLEOD              ,-2.3025850929940455,0.1404225936622486,45
0,MCLEOD              ,2.3608540011180215,0.1404225936622486,45
0,MEEKER              ,0.8329091229351039,0.023950874155786547,46
0,MEEKER              ,1.3609765531356006,0.023950874155786547,46
0,MEEKER              ,1.9740810260220096,0.023950874155786547,46
0,MEEKER              ,0.7419373447293773,0.023950874155786547,46
0,MEEKER              ,1.1631508098056809,0.023950874155786547,46
1,MILLE LACS          ,-0.6931471805599453,-0.21005952176628628,47
0,MILLE LACS          ,1.7404661748405046,-0.21005952176628628,47
0,MORRISON            ,0.3364722366212129,-0.09322665185692748,48
0,MORRISON            ,0.7419373447293773,-0.09322665185692748,48
0,MORRISON            ,1.4816045409242156,-0.09322665185692748,48
0,MORRISON            ,0.8754687373538999,-0.09322665185692748,48
0,MORRISON            ,1.589235205116581,-0.09322665185692748,48
1,MORRISON            ,1.0986122886681098,-0.09322665185692748,48
0,MORRISON            ,1.0986122886681098,-0.09322665185692748,48
0,MORRISON            ,1.0296194171811581,-0.09322665185692748,48
0,MORRISON            ,1.3609765531356006,-0.09322665185692748,48
0,MOWER               ,2.388762789235098,0.26093247070906767,49
0,MOWER               ,1.8562979903656263,0.26093247070906767,49
0,MOWER               ,0.6931471805599453,0.26093247070906767,49
0,MOWER               ,1.0986122886681098,0.26093247070906767,49
0,MOWER               ,1.5040773967762742,0.26093247070906767,49
0,MOWER               ,0.7419373447293773,0.26093247070906767,49
0,MOWER               ,2.0794415416798357,0.26093247070906767,49
1,MOWER               ,0.26236426446749106,0.26093247070906767,49
0,MOWER               ,2.2192034840549946,0.26093247070906767,49
1,MOWER               ,0.09531017980432493,0.26093247070906767,49
0,MOWER               ,2.3608540011180215,0.26093247070906767,49
0,MOWER               ,3.1780538303479458,0.26093247070906767,49
0,MOWER               ,2.2082744135228043,0.26093247070906767,49
0,MURRAY              ,2.4932054526026954,0.39884994273575514,50
0,NICOLLET            ,2.0918640616783932,0.24804687341109097,51
0,NICOLLET            ,2.379546134130174,0.24804687341109097,51
0,NICOLLET            ,1.4350845252893227,0.24804687341109097,51
0,NICOLLET            ,2.7536607123542622,0.24804687341109097,51
0,NOBLES              ,1.6863989535702288,0.40545177468594146,52
0,NOBLES              ,1.824549292051046,0.40545177468594146,52
0,NOBLES              ,2.272125885509337,0.40545177468594146,52
0,NORMAN              ,2.0918640616783932,0.265221716521598,53
0,NORMAN              ,0.47000362924573563,0.265221716521598,53
1,NORMAN              ,0.47000362924573563,0.265221716521598,53
0,OLMSTED             ,1.8562979903656263,0.2431500793898401,54
0,OLMSTED             ,1.4816045409242156,0.2431500793898401,54
0,OLMSTED             ,2.4159137783010487,0.2431500793898401,54
0,OLMSTED             ,2.302585092994046,0.2431500793898401,54
0,OLMSTED             ,1.5040773967762742,0.2431500793898401,54
0,OLMSTED             ,2.0794415416798357,0.2431500793898401,54
0,OLMSTED             ,0.8329091229351039,0.2431500793898401,54
0,OLMSTED             ,1.1631508098056809,0.2431500793898401,54
0,OLMSTED             ,1.6094379124341003,0.2431500793898401,54
0,OLMSTED             ,1.410986973710262,0.2431500793898401,54
0,OLMSTED             ,0.09531017980432493,0.2431500793898401,54
0,OLMSTED             ,0.6931471805599453,0.2431500793898401,54
1,OLMSTED             ,0.09531017980432493,0.2431500793898401,54
0,OLMSTED             ,1.0647107369924282,0.2431500793898401,54
0,OLMSTED             ,0.7419373447293773,0.2431500793898401,54
0,OLMSTED             ,2.0541237336955462,0.2431500793898401,54
0,OLMSTED             ,1.33500106673234,0.2431500793898401,54
0,OLMSTED             ,0.9162907318741551,0.2431500793898401,54
0,OLMSTED             ,1.0647107369924282,0.2431500793898401,54
1,OLMSTED             ,0.5306282510621704,0.2431500793898401,54
0,OLMSTED             ,0.9162907318741551,0.2431500793898401,54
0,OLMSTED             ,2.2407096892759584,0.2431500793898401,54
1,OLMSTED             ,-0.5108256237659907,0.2431500793898401,54
0,OTTER TAIL          ,0.9932517730102834,-0.20473036924229032,55
1,OTTER TAIL          ,0.09531017980432493,-0.20473036924229032,55
1,OTTER TAIL          ,0.7419373447293773,-0.20473036924229032,55
0,OTTER TAIL          ,2.4849066497880004,-0.20473036924229032,55
1,OTTER TAIL          ,2.533696813957432,-0.20473036924229032,55
0,OTTER TAIL          ,1.1631508098056809,-0.20473036924229032,55
0,OTTER TAIL          ,1.4350845252893227,-0.20473036924229032,55
0,OTTER TAIL          ,1.33500106673234,-0.20473036924229032,55
1,PENNINGTON          ,1.308332819650179,-0.07402766768590431,56
0,PENNINGTON          ,1.7578579175523736,-0.07402766768590431,56
1,PENNINGTON          ,-1.2039728043259361,-0.07402766768590431,56
0,PINE                ,1.410986973710262,-0.16329216954729414,57
0,PINE                ,1.0296194171811581,-0.16329216954729414,57
0,PINE                ,0.6418538861723947,-0.16329216954729414,57
1,PINE                ,0.1823215567939546,-0.16329216954729414,57
0,PINE                ,0.1823215567939546,-0.16329216954729414,57
0,PINE                ,0.4054651081081644,-0.16329216954729414,57
0,PIPESTONE           ,2.2407096892759584,0.4786040394649064,58
0,PIPESTONE           ,0.5306282510621704,0.4786040394649064,58
0,PIPESTONE           ,2.4932054526026954,0.4786040394649064,58
1,PIPESTONE           ,1.4586150226995167,0.4786040394649064,58
0,POLK                ,1.9315214116032138,0.2661110825236379,59
1,POLK                ,0.3364722366212129,0.2661110825236379,59
1,POLK                ,0.9162907318741551,0.2661110825236379,59
0,POLK                ,2.2617630984737906,0.2661110825236379,59
0,POPE                ,1.33500106673234,0.2811482736007839,60
0,POPE                ,1.2237754316221157,0.2811482736007839,60
0,RAMSEY              ,1.916922612182061,-0.418053510614464,61
0,RAMSEY              ,1.2809338454620642,-0.418053510614464,61
0,RAMSEY              ,0.7884573603642703,-0.418053510614464,61
0,RAMSEY              ,0.9555114450274363,-0.418053510614464,61
0,RAMSEY              ,0.7419373447293773,-0.418053510614464,61
0,RAMSEY              ,1.9459101490553132,-0.418053510614464,61
0,RAMSEY              ,0.1823215567939546,-0.418053510614464,61
0,RAMSEY              ,1.33500106673234,-0.418053510614464,61
0,RAMSEY              ,1.252762968495368,-0.418053510614464,61
0,RAMSEY              ,1.4350845252893227,-0.418053510614464,61
1,RAMSEY              ,0.47000362924573563,-0.418053510614464,61
1,RAMSEY              ,1.0296194171811581,-0.418053510614464,61
0,RAMSEY              ,2.151762203259462,-0.418053510614464,61
0,RAMSEY              ,1.824549292051046,-0.418053510614464,61
0,RAMSEY              ,1.6486586255873816,-0.418053510614464,61
0,RAMSEY              ,0.9932517730102834,-0.418053510614464,61
0,RAMSEY              ,0.1823215567939546,-0.418053510614464,61
0,RAMSEY              ,1.252762968495368,-0.418053510614464,61
0,RAMSEY              ,1.7047480922384253,-0.418053510614464,61
1,RAMSEY              ,2.312535423847214,-0.418053510614464,61
0,RAMSEY              ,1.7047480922384253,-0.418053510614464,61
0,RAMSEY              ,0.1823215567939546,-0.418053510614464,61
0,RAMSEY              ,1.589235205116581,-0.418053510614464,61
0,RAMSEY              ,1.3862943611198906,-0.418053510614464,61
0,RAMSEY              ,1.252762968495368,-0.418053510614464,61
0,RAMSEY              ,0.9162907318741551,-0.418053510614464,61
0,RAMSEY              ,0.1823215567939546,-0.418053510614464,61
0,RAMSEY              ,0.9932517730102834,-0.418053510614464,61
0,RAMSEY              ,0.5306282510621704,-0.418053510614464,61
0,RAMSEY              ,1.1314021114911006,-0.418053510614464,61
0,RAMSEY              ,-0.35667494393873245,-0.418053510614464,61
0,RAMSEY              ,0.0,-0.418053510614464,61
0,REDWOOD             ,0.6418538861723947,0.36632225859009826,62
0,REDWOOD             ,1.33500106673234,0.36632225859009826,62
0,REDWOOD             ,2.186051276738094,0.36632225859009826,62
0,REDWOOD             ,2.0014800002101243,0.36632225859009826,62
1,REDWOOD             ,3.0301337002713233,0.36632225859009826,62
0,RENVILLE            ,1.791759469228055,0.3805779766002149,63
0,RENVILLE            ,0.7419373447293773,0.3805779766002149,63
1,RENVILLE            ,1.7578579175523736,0.3805779766002149,63
0,RICE                ,2.272125885509337,0.19314609287710252,64
0,RICE                ,1.8562979903656263,0.19314609287710252,64
0,RICE                ,1.5260563034950492,0.19314609287710252,64
0,RICE                ,1.7227665977411035,0.19314609287710252,64
0,RICE                ,2.9444389791664403,0.19314609287710252,64
1,RICE                ,0.8754687373538999,0.19314609287710252,64
0,RICE                ,1.0986122886681098,0.19314609287710252,64
0,RICE                ,1.62924053973028,0.19314609287710252,64
0,RICE                ,2.0412203288596382,0.19314609287710252,64
0,RICE                ,2.0918640616783932,0.19314609287710252,64
0,RICE                ,1.547562508716013,0.19314609287710252,64
0,ROCK                ,2.128231705849268,0.5280248651920556,65
0,ROCK                ,0.47000362924573563,0.5280248651920556,65
1,ROSEAU              ,1.791759469228055,-0.21204536464817642,66
1,ROSEAU              ,0.09531017980432493,-0.21204536464817642,66
0,ROSEAU              ,2.4336133554004498,-0.21204536464817642,66
1,ROSEAU              ,1.4586150226995167,-0.21204536464817642,66
1,ROSEAU              ,1.2809338454620642,-0.21204536464817642,66
0,ROSEAU              ,2.33214389523559,-0.21204536464817642,66
1,ROSEAU              ,1.2237754316221157,-0.21204536464817642,66
0,ROSEAU              ,1.1314021114911006,-0.21204536464817642,66
0,ROSEAU              ,1.2809338454620642,-0.21204536464817642,66
0,ROSEAU              ,0.9932517730102834,-0.21204536464817642,66
0,ROSEAU              ,1.3862943611198906,-0.21204536464817642,66
1,ROSEAU              ,0.1823215567939546,-0.21204536464817642,66
1,ROSEAU              ,0.5306282510621704,-0.21204536464817642,66
1,ROSEAU              ,1.4350845252893227,-0.21204536464817642,66
1,SCOTT               ,2.9601050959108397,0.06311563431407531,67
1,SCOTT               ,2.2082744135228043,0.06311563431407531,67
0,SCOTT               ,0.6931471805599453,0.06311563431407531,67
0,SCOTT               ,2.4336133554004498,0.06311563431407531,67
0,SCOTT               ,2.322387720290225,0.06311563431407531,67
1,SCOTT               ,0.7419373447293773,0.06311563431407531,67
0,SCOTT               ,0.1823215567939546,0.06311563431407531,67
0,SCOTT               ,1.1631508098056809,0.06311563431407531,67
1,SCOTT               ,0.6931471805599453,0.06311563431407531,67
0,SCOTT               ,1.4586150226995167,0.06311563431407531,67
0,SCOTT               ,0.7884573603642703,0.06311563431407531,67
0,SCOTT               ,1.6863989535702288,0.06311563431407531,67
0,SCOTT               ,3.2268439945173775,0.06311563431407531,67
0,SHERBURNE           ,1.62924053973028,-0.6834364823767883,68
0,SHERBURNE           ,0.8329091229351039,-0.6834364823767883,68
0,SHERBURNE           ,1.1631508098056809,-0.6834364823767883,68
0,SHERBURNE           ,0.9162907318741551,-0.6834364823767883,68
0,SHERBURNE           ,1.0296194171811581,-0.6834364823767883,68
0,SHERBURNE           ,1.1314021114911006,-0.6834364823767883,68
0,SHERBURNE           ,0.47000362924573563,-0.6834364823767883,68
0,SHERBURNE           ,1.547562508716013,-0.6834364823767883,68
0,SIBLEY              ,1.3862943611198906,0.23721212323308002,69
0,SIBLEY              ,1.6094379124341003,0.23721212323308002,69
0,SIBLEY              ,0.4054651081081644,0.23721212323308002,69
0,SIBLEY              ,1.5686159179138452,0.23721212323308002,69
0,ST LOUIS            ,-0.2231435513142097,-0.47467371715050316,70
1,ST LOUIS            ,-0.6931471805599453,-0.47467371715050316,70
0,ST LOUIS            ,0.8754687373538999,-0.47467371715050316,70
0,ST LOUIS            ,0.8329091229351039,-0.47467371715050316,70
0,ST LOUIS            ,1.5260563034950492,-0.47467371715050316,70
0,ST LOUIS            ,2.3978952727983707,-0.47467371715050316,70
0,ST LOUIS            ,2.7013612129514133,-0.47467371715050316,70
0,ST LOUIS            ,2.151762203259462,-0.47467371715050316,70
0,ST LOUIS            ,1.5040773967762742,-0.47467371715050316,70
0,ST LOUIS            ,0.4054651081081644,-0.47467371715050316,70
0,ST LOUIS            ,1.3609765531356006,-0.47467371715050316,70
0,ST LOUIS            ,0.5877866649021191,-0.47467371715050316,70
0,ST LOUIS            ,0.47000362924573563,-0.47467371715050316,70
0,ST LOUIS            ,-0.6931471805599453,-0.47467371715050316,70
1,ST LOUIS            ,-0.916290731874155,-0.47467371715050316,70
1,ST LOUIS            ,-0.6931471805599453,-0.47467371715050316,70
0,ST LOUIS            ,2.163323025660538,-0.47467371715050316,70
1,ST LOUIS            ,0.47000362924573563,-0.47467371715050316,70
0,ST LOUIS            ,0.3364722366212129,-0.47467371715050316,70
0,ST LOUIS            ,2.163323025660538,-0.47467371715050316,70
0,ST LOUIS            ,2.4069451083182885,-0.47467371715050316,70
0,ST LOUIS            ,0.4054651081081644,-0.47467371715050316,70
0,ST LOUIS            ,0.09531017980432493,-0.47467371715050316,70
1,ST LOUIS            ,-0.10536051565782628,-0.47467371715050316,70
0,ST LOUIS            ,-0.35667494393873245,-0.47467371715050316,70
0,ST LOUIS            ,1.4350845252893227,-0.47467371715050316,70
0,ST LOUIS            ,1.2237754316221157,-0.47467371715050316,70
1,ST LOUIS            ,0.7419373447293773,-0.47467371715050316,70
0,ST LOUIS            ,1.0647107369924282,-0.47467371715050316,70
0,ST LOUIS            ,0.5877866649021191,-0.47467371715050316,70
0,ST LOUIS            ,0.5877866649021191,-0.47467371715050316,70
0,ST LOUIS            ,0.8754687373538999,-0.47467371715050316,70
0,ST LOUIS            ,0.5306282510621704,-0.47467371715050316,70
1,ST LOUIS            ,-0.2231435513142097,-0.47467371715050316,70
0,ST LOUIS            ,2.4595888418037104,-0.47467371715050316,70
0,ST LOUIS            ,0.5877866649021191,-0.47467371715050316,70
0,ST LOUIS            ,1.0296194171811581,-0.47467371715050316,70
1,ST LOUIS            ,1.252762968495368,-0.47467371715050316,70
0,ST LOUIS            ,1.2809338454620642,-0.47467371715050316,70
0,ST LOUIS            ,1.252762968495368,-0.47467371715050316,70
0,ST LOUIS            ,1.0986122886681098,-0.47467371715050316,70
1,ST LOUIS            ,1.1631508098056809,-0.47467371715050316,70
0,ST LOUIS            ,1.1314021114911006,-0.47467371715050316,70
0,ST LOUIS            ,1.1939224684724346,-0.47467371715050316,70
1,ST LOUIS            ,0.5306282510621704,-0.47467371715050316,70
0,ST LOUIS            ,1.7227665977411035,-0.47467371715050316,70
0,ST LOUIS            ,1.2237754316221157,-0.47467371715050316,70
0,ST LOUIS            ,0.4054651081081644,-0.47467371715050316,70
0,ST LOUIS            ,3.4719664525503626,-0.47467371715050316,70
0,ST LOUIS            ,0.09531017980432493,-0.47467371715050316,70
0,ST LOUIS            ,0.7419373447293773,-0.47467371715050316,70
0,ST LOUIS            ,-0.2231435513142097,-0.47467371715050316,70
0,ST LOUIS            ,0.4054651081081644,-0.47467371715050316,70
0,ST LOUIS            ,0.26236426446749106,-0.47467371715050316,70
0,ST LOUIS            ,1.1314021114911006,-0.47467371715050316,70
0,ST LOUIS            ,1.9740810260220096,-0.47467371715050316,70
0,ST LOUIS            ,0.3364722366212129,-0.47467371715050316,70
0,ST LOUIS            ,0.26236426446749106,-0.47467371715050316,70
0,ST LOUIS            ,0.4054651081081644,-0.47467371715050316,70
0,ST LOUIS            ,1.6094379124341003,-0.47467371715050316,70
0,ST LOUIS            ,0.8329091229351039,-0.47467371715050316,70
0,ST LOUIS            ,0.8754687373538999,-0.47467371715050316,70
0,ST LOUIS            ,0.1823215567939546,-0.47467371715050316,70
0,ST LOUIS            ,1.6863989535702288,-0.47467371715050316,70
0,ST LOUIS            ,0.09531017980432493,-0.47467371715050316,70
0,ST LOUIS            ,0.3364722366212129,-0.47467371715050316,70
1,ST LOUIS            ,1.9740810260220096,-0.47467371715050316,70
0,ST LOUIS            ,0.09531017980432493,-0.47467371715050316,70
0,ST LOUIS            ,1.1939224684724346,-0.47467371715050316,70
0,ST LOUIS            ,1.1631508098056809,-0.47467371715050316,70
0,ST LOUIS            ,0.4054651081081644,-0.47467371715050316,70
0,ST LOUIS            ,1.2809338454620642,-0.47467371715050316,70
0,ST LOUIS            ,-0.2231435513142097,-0.47467371715050316,70
0,ST LOUIS            ,0.47000362924573563,-0.47467371715050316,70
0,ST LOUIS            ,0.3364722366212129,-0.47467371715050316,70
0,ST LOUIS            ,0.9932517730102834,-0.47467371715050316,70
0,ST LOUIS            ,1.1939224684724346,-0.47467371715050316,70
0,ST LOUIS            ,-0.10536051565782628,-0.47467371715050316,70
0,ST LOUIS            ,-0.5108256237659907,-0.47467371715050316,70
0,ST LOUIS            ,0.6931471805599453,-0.47467371715050316,70
0,ST LOUIS            ,0.6418538861723947,-0.47467371715050316,70
0,ST LOUIS            ,-0.10536051565782628,-0.47467371715050316,70
0,ST LOUIS            ,1.6863989535702288,-0.47467371715050316,70
0,ST LOUIS            ,0.4054651081081644,-0.47467371715050316,70
0,ST LOUIS            ,1.1314021114911006,-0.47467371715050316,70
0,ST LOUIS            ,0.5877866649021191,-0.47467371715050316,70
1,ST LOUIS            ,-0.10536051565782628,-0.47467371715050316,70
0,ST LOUIS            ,1.1939224684724346,-0.47467371715050316,70
0,ST LOUIS            ,0.5306282510621704,-0.47467371715050316,70
0,ST LOUIS            ,1.1314021114911006,-0.47467371715050316,70
1,ST LOUIS            ,-0.35667494393873245,-0.47467371715050316,70
0,ST LOUIS            ,1.4586150226995167,-0.47467371715050316,70
0,ST LOUIS            ,0.3364722366212129,-0.47467371715050316,70
0,ST LOUIS            ,0.5877866649021191,-0.47467371715050316,70
0,ST LOUIS            ,0.4054651081081644,-0.47467371715050316,70
1,ST LOUIS            ,0.7884573603642703,-0.47467371715050316,70
0,ST LOUIS            ,0.8754687373538999,-0.47467371715050316,70
0,ST LOUIS            ,0.9932517730102834,-0.47467371715050316,70
0,ST LOUIS            ,0.5306282510621704,-0.47467371715050316,70
1,ST LOUIS            ,0.09531017980432493,-0.47467371715050316,70
1,ST LOUIS            ,0.5877866649021191,-0.47467371715050316,70
0,ST LOUIS            ,-1.6094379124341003,-0.47467371715050316,70
0,ST LOUIS            ,0.7884573603642703,-0.47467371715050316,70
0,ST LOUIS            ,1.5260563034950492,-0.47467371715050316,70
0,ST LOUIS            ,0.7419373447293773,-0.47467371715050316,70
0,ST LOUIS            ,0.6931471805599453,-0.47467371715050316,70
0,ST LOUIS            ,-0.35667494393873245,-0.47467371715050316,70
0,ST LOUIS            ,1.8562979903656263,-0.47467371715050316,70
0,ST LOUIS            ,1.0986122886681098,-0.47467371715050316,70
0,ST LOUIS            ,0.6931471805599453,-0.47467371715050316,70
0,ST LOUIS            ,-0.10536051565782628,-0.47467371715050316,70
0,ST LOUIS            ,1.1939224684724346,-0.47467371715050316,70
0,ST LOUIS            ,0.5877866649021191,-0.47467371715050316,70
0,ST LOUIS            ,0.5877866649021191,-0.47467371715050316,70
0,ST LOUIS            ,0.7884573603642703,-0.47467371715050316,70
0,ST LOUIS            ,1.4586150226995167,-0.47467371715050316,70
0,STEARNS             ,2.0149030205422647,0.11639540667778776,71
0,STEARNS             ,1.8562979903656263,0.11639540667778776,71
0,STEARNS             ,2.1162555148025524,0.11639540667778776,71
0,STEARNS             ,0.7419373447293773,0.11639540667778776,71
0,STEARNS             ,1.1939224684724346,0.11639540667778776,71
0,STEARNS             ,0.26236426446749106,0.11639540667778776,71
0,STEARNS             ,1.6094379124341003,0.11639540667778776,71
1,STEARNS             ,0.0,0.11639540667778776,71
0,STEARNS             ,1.9459101490553132,0.11639540667778776,71
0,STEARNS             ,1.7404661748405046,0.11639540667778776,71
0,STEARNS             ,2.312535423847214,0.11639540667778776,71
0,STEARNS             ,1.8870696490323797,0.11639540667778776,71
1,STEARNS             ,0.9555114450274363,0.11639540667778776,71
0,STEARNS             ,1.1939224684724346,0.11639540667778776,71
1,STEARNS             ,0.4054651081081644,0.11639540667778776,71
0,STEARNS             ,1.6094379124341003,0.11639540667778776,71
0,STEARNS             ,2.0014800002101243,0.11639540667778776,71
0,STEARNS             ,2.6741486494265287,0.11639540667778776,71
0,STEARNS             ,0.5877866649021191,0.11639540667778776,71
0,STEARNS             ,2.0014800002101243,0.11639540667778776,71
0,STEARNS             ,0.9555114450274363,0.11639540667778776,71
0,STEARNS             ,1.308332819650179,0.11639540667778776,71
0,STEARNS             ,0.6418538861723947,0.11639540667778776,71
1,STEARNS             ,0.7884573603642703,0.11639540667778776,71
0,STEARNS             ,1.6094379124341003,0.11639540667778776,71
0,STEELE              ,1.9878743481543455,0.2698057386604077,72
0,STEELE              ,1.308332819650179,0.2698057386604077,72
0,STEELE              ,1.0647107369924282,0.2698057386604077,72
0,STEELE              ,1.4816045409242156,0.2698057386604077,72
0,STEELE              ,2.128231705849268,0.2698057386604077,72
0,STEELE              ,1.62924053973028,0.2698057386604077,72
0,STEELE              ,1.2809338454620642,0.2698057386604077,72
0,STEELE              ,0.4054651081081644,0.2698057386604077,72
0,STEELE              ,2.151762203259462,0.2698057386604077,72
0,STEELE              ,2.3608540011180215,0.2698057386604077,72
0,STEVENS             ,2.0794415416798357,0.47077832908830686,73
0,STEVENS             ,1.5040773967762742,0.47077832908830686,73
0,SWIFT               ,1.0986122886681098,0.31602897559162796,74
0,SWIFT               ,0.8754687373538999,0.31602897559162796,74
0,SWIFT               ,0.4054651081081644,0.31602897559162796,74
0,SWIFT               ,1.5686159179138452,0.31602897559162796,74
0,TODD                ,1.916922612182061,-0.04684006684581817,75
0,TODD                ,0.7419373447293773,-0.04684006684581817,75
1,TODD                ,1.791759469228055,-0.04684006684581817,75
1,TRAVERSE            ,1.0647107369924282,0.49759447691684777,76
0,TRAVERSE            ,1.9021075263969205,0.49759447691684777,76
0,TRAVERSE            ,2.9601050959108397,0.49759447691684777,76
0,TRAVERSE            ,1.3862943611198906,0.49759447691684777,76
0,WABASHA             ,1.7749523509116738,0.15008241565130426,77
0,WABASHA             ,2.1972245773362196,0.15008241565130426,77
0,WABASHA             ,2.128231705849268,0.15008241565130426,77
1,WABASHA             ,0.09531017980432493,0.15008241565130426,77
0,WABASHA             ,1.1314021114911006,0.15008241565130426,77
0,WABASHA             ,2.4423470353692043,0.15008241565130426,77
0,WABASHA             ,2.2617630984737906,0.15008241565130426,77
0,WADENA              ,1.0647107369924282,-0.6720297317460263,78
1,WADENA              ,-0.35667494393873245,-0.6720297317460263,78
1,WADENA              ,1.1631508098056809,-0.6720297317460263,78
0,WADENA              ,1.547562508716013,-0.6720297317460263,78
0,WADENA              ,1.5686159179138452,-0.6720297317460263,78
0,WASECA              ,-0.916290731874155,0.21241419710112402,79
0,WASECA              ,2.2300144001592104,0.21241419710112402,79
0,WASECA              ,0.5306282510621704,0.21241419710112402,79
1,WASECA              ,-0.10536051565782628,0.21241419710112402,79
0,WASHINGTON          ,2.322387720290225,-0.14748428304275582,80
0,WASHINGTON          ,2.0412203288596382,-0.14748428304275582,80
0,WASHINGTON          ,0.7884573603642703,-0.14748428304275582,80
0,WASHINGTON          ,1.8718021769015913,-0.14748428304275582,80
0,WASHINGTON          ,2.501435951739211,-0.14748428304275582,80
0,WASHINGTON          ,1.5260563034950492,-0.14748428304275582,80
0,WASHINGTON          ,1.824549292051046,-0.14748428304275582,80
0,WASHINGTON          ,1.8718021769015913,-0.14748428304275582,80
0,WASHINGTON          ,1.0296194171811581,-0.14748428304275582,80
0,WASHINGTON          ,0.6418538861723947,-0.14748428304275582,80
1,WASHINGTON          ,0.1823215567939546,-0.14748428304275582,80
0,WASHINGTON          ,0.8754687373538999,-0.14748428304275582,80
0,WASHINGTON          ,0.0,-0.14748428304275582,80
1,WASHINGTON          ,0.1823215567939546,-0.14748428304275582,80
0,WASHINGTON          ,0.47000362924573563,-0.14748428304275582,80
0,WASHINGTON          ,-0.2231435513142097,-0.14748428304275582,80
0,WASHINGTON          ,0.5306282510621704,-0.14748428304275582,80
0,WASHINGTON          ,1.547562508716013,-0.14748428304275582,80
1,WASHINGTON          ,0.5306282510621704,-0.14748428304275582,80
0,WASHINGTON          ,1.1939224684724346,-0.14748428304275582,80
1,WASHINGTON          ,-0.2231435513142097,-0.14748428304275582,80
0,WASHINGTON          ,2.2823823856765264,-0.14748428304275582,80
0,WASHINGTON          ,1.667706820558076,-0.14748428304275582,80
0,WASHINGTON          ,2.1400661634962708,-0.14748428304275582,80
0,WASHINGTON          ,0.6418538861723947,-0.14748428304275582,80
0,WASHINGTON          ,1.8870696490323797,-0.14748428304275582,80
0,WASHINGTON          ,1.33500106673234,-0.14748428304275582,80
0,WASHINGTON          ,1.7749523509116738,-0.14748428304275582,80
0,WASHINGTON          ,1.589235205116581,-0.14748428304275582,80
1,WASHINGTON          ,0.9162907318741551,-0.14748428304275582,80
0,WASHINGTON          ,2.3702437414678603,-0.14748428304275582,80
0,WASHINGTON          ,0.8754687373538999,-0.14748428304275582,80
0,WASHINGTON          ,0.7419373447293773,-0.14748428304275582,80
0,WASHINGTON          ,1.547562508716013,-0.14748428304275582,80
0,WASHINGTON          ,1.308332819650179,-0.14748428304275582,80
0,WASHINGTON          ,2.5952547069568657,-0.14748428304275582,80
0,WASHINGTON          ,1.0647107369924282,-0.14748428304275582,80
0,WASHINGTON          ,1.4586150226995167,-0.14748428304275582,80
0,WASHINGTON          ,1.33500106673234,-0.14748428304275582,80
0,WASHINGTON          ,0.5877866649021191,-0.14748428304275582,80
0,WASHINGTON          ,0.4054651081081644,-0.14748428304275582,80
0,WASHINGTON          ,0.5877866649021191,-0.14748428304275582,80
0,WASHINGTON          ,0.26236426446749106,-0.14748428304275582,80
0,WASHINGTON          ,1.8870696490323797,-0.14748428304275582,80
0,WASHINGTON          ,3.0155349008501706,-0.14748428304275582,80
0,WASHINGTON          ,1.791759469228055,-0.14748428304275582,80
0,WATONWAN            ,2.624668592163159,0.1832378035783076,81
1,WATONWAN            ,2.322387720290225,0.1832378035783076,81
1,WATONWAN            ,1.7404661748405046,0.1832378035783076,81
0,WILKIN              ,2.2300144001592104,0.2360360842961474,82
0,WINONA              ,1.2237754316221157,0.46321186735752345,83
0,WINONA              ,1.410986973710262,0.46321186735752345,83
0,WINONA              ,2.451005098112319,0.46321186735752345,83
0,WINONA              ,1.9740810260220096,0.46321186735752345,83
0,WINONA              ,1.547562508716013,0.46321186735752345,83
1,WINONA              ,0.5877866649021191,0.46321186735752345,83
1,WINONA              ,-0.35667494393873245,0.46321186735752345,83
0,WINONA              ,1.547562508716013,0.46321186735752345,83
0,WINONA              ,2.322387720290225,0.46321186735752345,83
0,WINONA              ,2.424802725718295,0.46321186735752345,83
0,WINONA              ,2.028148247292285,0.46321186735752345,83
0,WINONA              ,2.468099531471619,0.46321186735752345,83
1,WINONA              ,-0.6931471805599453,0.46321186735752345,83
0,WRIGHT              ,1.9021075263969205,-0.09002427484788668,84
0,WRIGHT              ,1.667706820558076,-0.09002427484788668,84
0,WRIGHT              ,1.1314021114911006,-0.09002427484788668,84
0,WRIGHT              ,0.7419373447293773,-0.09002427484788668,84
0,WRIGHT              ,1.9878743481543455,-0.09002427484788668,84
0,WRIGHT              ,1.62924053973028,-0.09002427484788668,84
0,WRIGHT              ,0.7884573603642703,-0.09002427484788668,84
1,WRIGHT              ,0.8329091229351039,-0.09002427484788668,84
0,WRIGHT              ,2.766319109226186,-0.09002427484788668,84
0,WRIGHT              ,2.2512917986064953,-0.09002427484788668,84
0,WRIGHT              ,1.8562979903656263,-0.09002427484788668,84
0,WRIGHT              ,1.5040773967762742,-0.09002427484788668,84
0,WRIGHT              ,1.6094379124341003,-0.09002427484788668,84
0,YELLOW MEDICINE     ,1.308332819650179,0.35528698116388363,85
0,YELLOW MEDICINE     ,1.0647107369924282,0.35528698116388363,85
